domain,site,sitemap,reason,new_urls_count,blacklisted_on
1001prestataires.fr,https://www.1001prestataires.fr/,https://www.1001prestataires.fr/sitemap_index.xml,too_many_new_urls>100,584,2026-07-02
50bestsites.info,https://50bestsites.info,https://50bestsites.info/sitemap_index.xml,definitive_sitemap_http_404_7d,0,2026-08-24
accor-immo.fr,https://www.accor-immo.fr/,https://www.accor-immo.fr/sitemaps.xml,definitive_sitemap_http_404_7d,0,2026-08-26
achats-immo.fr,https://www.achats-immo.fr,https://www.achats-immo.fr/sitemaps.xml,definitive_sitemap_http_404_7d,0,2026-08-26
actu-immobilier.net,https://www.actu-immobilier.net,https://www.actu-immobilier.net/sitemaps.xml,definitive_sitemap_http_404_7d,0,2026-08-28
agence-immobilier.fr,https://www.agence-immobilier.fr,https://www.agence-immobilier.fr/sitemaps.xml,definitive_sitemap_http_404_7d,0,2026-08-26
agencedumoulin87.fr,https://www.agencedumoulin87.fr,https://www.agencedumoulin87.fr/sitemaps.xml,definitive_sitemap_http_404_7d,0,2026-08-29
agenceimmobiliere-caen.com,https://www.agenceimmobiliere-caen.com/,https://www.agenceimmobiliere-caen.com/sitemaps.xml,definitive_sitemap_http_404_7d,0,2026-08-26
agenceimmobiliereavignon.fr,https://www.agenceimmobiliereavignon.fr,https://www.agenceimmobiliereavignon.fr/sitemaps.xml,definitive_sitemap_http_404_7d,0,2026-08-26
agenceimmobilierefnaim.fr,https://www.agenceimmobilierefnaim.fr/,https://www.agenceimmobilierefnaim.fr/sitemaps.xml,definitive_sitemap_http_404_7d,0,2026-08-26
akerys-immobilier.fr,https://www.akerys-immobilier.fr,https://www.akerys-immobilier.fr/sitemaps.xml,definitive_sitemap_http_404_7d,0,2026-08-27
alpaca.immo,https://alpaca.immo,https://alpaca.immo/sitemap.xml,too_many_new_urls>100,675,2026-07-15
annuaire-pro-btp.fr,https://annuaire-pro-btp.fr/,https://annuaire-pro-btp.fr/sitemap.xml,manual_high_volume_exclusion,,2026-05-22
anousparis.fr,https://anousparis.fr/,https://anousparis.fr/wp-sitemap.xml,definitive_sitemap_http_404_7d,0,2026-06-25
appartement-geneve.com,https://www.appartement-geneve.com,https://www.appartement-geneve.com/sitemaps.xml,definitive_sitemap_http_404_7d,0,2026-08-26
archibien.com,https://www.archibien.com/,https://www.archibien.com/sitemap_index.xml,definitive_sitemap_http_404_7d,0,2026-06-12
ateliermaison.fr,https://www.ateliermaison.fr/,https://www.ateliermaison.fr/wp-sitemap.xml,definitive_sitemap_http_404_7d,0,2026-08-26
ats-ffa.org,https://ats-ffa.org,https://www.ats-ffa.org/sitemap-news.xml,definitive_sitemap_http_404_7d,0,2026-06-12
auris-immo.fr,https://auris-immo.fr/,https://auris-immo.fr/sitemap-index.xml,manual_high_volume_exclusion,,2026-05-22
banquebauer.ch,https://banquebauer.ch/,https://banquebauer.ch/sitemaps.xml,definitive_sitemap_http_404_7d,0,2026-08-27
barnade.com,https://www.barnade.com/,https://www.barnade.com/sitemap.xml,too_many_new_urls>100,160,2026-05-27
batinfo.com,https://batinfo.com/,https://batinfo.com/sitemap.xml,manual_high_volume_exclusion,,2026-05-22
bdi-immo.com,https://www.bdi-immo.com,https://www.bdi-immo.com/wp-sitemap.xml,definitive_sitemap_http_404_7d,0,2026-08-26
belaircamp.org,https://www.belaircamp.org/,https://www.belaircamp.org/sitemap_index.xml,definitive_sitemap_http_404_7d,0,2026-08-18
bellesdemeures.com,https://magazine.bellesdemeures.com/,https://magazine.bellesdemeures.com/sitemap.xml,too_many_new_urls>100,126,2026-05-23
bleu-canard.fr,https://bleu-canard.fr,https://bleu-canard.fr/sitemap.xml,manual_high_volume_exclusion,,2026-05-22
bouchard-immobilier.fr,https://www.bouchard-immobilier.fr,https://www.bouchard-immobilier.fr/sitemaps.xml,definitive_sitemap_http_404_7d,0,2026-08-26
bricolagehome.fr,https://www.bricolagehome.fr/,https://www.bricolagehome.fr/sitemaps.xml,definitive_sitemap_http_404_7d,0,2026-08-26
business-flux.fr,https://www.business-flux.fr/,https://www.business-flux.fr/wp-sitemap.xml,definitive_sitemap_http_404_7d,0,2026-08-26
cafe-pouchkine.fr,https://www.cafe-pouchkine.fr,https://www.cafe-pouchkine.fr/sitemaps.xml,too_many_new_urls>100,1901,2026-09-02
cahorsjuinjardins.fr,https://www.cahorsjuinjardins.fr/,https://www.cahorsjuinjardins.fr/sitemap_index.xml,too_many_new_urls>100,223,2026-07-02
capitole-immobilier.fr,https://www.capitole-immobilier.fr,https://www.capitole-immobilier.fr/sitemaps.xml,definitive_sitemap_http_404_7d,0,2026-08-27
capstone-immobilier.fr,https://www.capstone-immobilier.fr,https://www.capstone-immobilier.fr/sitemaps.xml,definitive_sitemap_http_404_7d,0,2026-08-26
caractere-immobilier.fr,https://www.caractere-immobilier.fr,https://www.caractere-immobilier.fr/sitemaps.xml,definitive_sitemap_http_404_7d,0,2026-08-27
cc-paysdelapetitepierre.fr,https://www.cc-paysdelapetitepierre.fr,https://www.cc-paysdelapetitepierre.fr/sitemap_index.xml,too_many_new_urls>100,946,2026-08-31
ceth.fr,https://ceth.fr/,https://ceth.fr/sitemap_index.xml,definitive_sitemap_http_404_7d,0,2026-06-25
cgt-76.fr,https://cgt-76.fr/,https://cgt-76.fr/sitemap_index.xml,too_many_new_urls>100,1486,2026-05-27
chalets-lumiere-bois.com,https://www.chalets-lumiere-bois.com,https://www.chalets-lumiere-bois.com/sitemap_index.xml,manual_high_volume_exclusion,,2026-05-22
cht-immobilier.fr,https://www.cht-immobilier.fr,https://www.cht-immobilier.fr/sitemaps.xml,definitive_sitemap_http_404_7d,0,2026-08-27
club-finance.fr,https://www.club-finance.fr,https://www.club-finance.fr/sitemaps.xml,definitive_sitemap_http_404_7d,0,2026-08-26
columbiaclimb.com,https://columbiaclimb.com/,https://columbiaclimb.com/sitemap_index.xml,definitive_sitemap_http_404_7d,0,2026-08-25
conception-cuisines.be,https://www.conception-cuisines.be,https://www.conception-cuisines.be/wp-sitemap.xml,definitive_sitemap_http_404_7d,0,2026-08-26
conception-habitat.fr,https://www.conception-habitat.fr/,https://www.conception-habitat.fr/sitemaps.xml,definitive_sitemap_http_404_7d,0,2026-08-26
concorde-immobilier.fr,https://www.concorde-immobilier.fr,https://www.concorde-immobilier.fr/sitemaps.xml,definitive_sitemap_http_404_7d,0,2026-08-27
conseilsimmobilier.ch,https://conseilsimmobilier.ch,https://conseilsimmobilier.ch/sitemap_index.xml,definitive_sitemap_http_404_7d,0,2026-06-24
cordouan-immobilier.fr,https://www.cordouan-immobilier.fr,https://www.cordouan-immobilier.fr/sitemaps.xml,definitive_sitemap_http_404_7d,0,2026-08-27
couvreur-66.fr,http://couvreur-66.fr,https://couvreur-66.fr/sitemap-index.xml,too_many_new_urls>100,77516,2026-07-20
couvreur-alencon.fr,http://couvreur-alencon.fr,https://couvreur-alencon.fr/sitemap-index.xml,too_many_new_urls>100,77516,2026-07-20
couvreur-asnieres.fr,http://couvreur-asnieres.fr,https://couvreur-asnieres.fr/sitemap-index.xml,too_many_new_urls>100,77516,2026-07-20
couvreur-auvergne-rhone-alpes.fr,http://couvreur-auvergne-rhone-alpes.fr,https://couvreur-auvergne-rhone-alpes.fr/sitemap-index.xml,too_many_new_urls>100,77516,2026-07-20
couvreur-auvergnerhoalpes.fr,http://couvreur-auvergnerhoalpes.fr,https://couvreur-auvergnerhoalpes.fr/sitemap-index.xml,too_many_new_urls>100,77516,2026-07-20
couvreur-bacacier.fr,http://couvreur-bacacier.fr,https://couvreur-bacacier.fr/sitemap-index.xml,too_many_new_urls>100,77516,2026-07-20
couvreur-batiment-ancien.fr,http://couvreur-batiment-ancien.fr,https://couvreur-batiment-ancien.fr/sitemap-index.xml,too_many_new_urls>100,77516,2026-07-20
couvreur-batiment.fr,http://couvreur-batiment.fr,https://couvreur-batiment.fr/sitemap-index.xml,too_many_new_urls>100,77516,2026-07-20
couvreur-bourgogne-franche-comte.fr,http://couvreur-bourgogne-franche-comte.fr,https://couvreur-bourgogne-franche-comte.fr/sitemap-index.xml,too_many_new_urls>100,77516,2026-07-20
couvreur-brive.fr,http://couvreur-brive.fr,https://couvreur-brive.fr/sitemap-index.xml,too_many_new_urls>100,77516,2026-07-20
couvreur-centre-val-de-loire.fr,http://couvreur-centre-val-de-loire.fr,https://couvreur-centre-val-de-loire.fr/sitemap-index.xml,too_many_new_urls>100,77516,2026-07-20
couvreur-cherbourg.fr,http://couvreur-cherbourg.fr,https://couvreur-cherbourg.fr/sitemap-index.xml,too_many_new_urls>100,77516,2026-07-20
couvreur-demoussage-toit.fr,http://couvreur-demoussage-toit.fr,https://couvreur-demoussage-toit.fr/sitemap-index.xml,too_many_new_urls>100,77516,2026-07-20
couvreur-demoussage.fr,http://couvreur-demoussage.fr,https://couvreur-demoussage.fr/sitemap-index.xml,too_many_new_urls>100,77516,2026-07-20
couvreur-diagnostic-toiture.fr,http://couvreur-diagnostic-toiture.fr,https://couvreur-diagnostic-toiture.fr/sitemap-index.xml,too_many_new_urls>100,77516,2026-07-20
couvreur-entreprise.fr,http://couvreur-entreprise.fr,https://couvreur-entreprise.fr/sitemap-index.xml,too_many_new_urls>100,77516,2026-07-20
couvreur-entretien-toiture.fr,http://couvreur-entretien-toiture.fr,https://couvreur-entretien-toiture.fr/sitemap-index.xml,too_many_new_urls>100,77516,2026-07-20
couvreur-epinal.fr,http://couvreur-epinal.fr,https://couvreur-epinal.fr/sitemap-index.xml,too_many_new_urls>100,77516,2026-07-20
couvreur-est.fr,http://couvreur-est.fr,https://couvreur-est.fr/sitemap-index.xml,too_many_new_urls>100,77516,2026-07-20
couvreur-etancheite-toiture.fr,http://couvreur-etancheite-toiture.fr,https://couvreur-etancheite-toiture.fr/sitemap-index.xml,too_many_new_urls>100,77516,2026-07-20
couvreur-expert-france.fr,http://couvreur-expert-france.fr,https://couvreur-expert-france.fr/sitemap-index.xml,too_many_new_urls>100,77516,2026-07-20
couvreur-fiable.fr,http://couvreur-fiable.fr,https://couvreur-fiable.fr/sitemap-index.xml,too_many_new_urls>100,77516,2026-07-20
couvreur-france-entier.fr,http://couvreur-france-entier.fr,https://couvreur-france-entier.fr/sitemap-index.xml,too_many_new_urls>100,77516,2026-07-20
couvreur-fuite.fr,http://couvreur-fuite.fr,https://couvreur-fuite.fr/sitemap-index.xml,too_many_new_urls>100,77516,2026-07-20
couvreur-garantie.fr,http://couvreur-garantie.fr/,https://couvreur-garantie.fr/sitemap-index.xml,too_many_new_urls>100,77516,2026-07-20
couvreur-grandest.fr,http://couvreur-grandest.fr,https://couvreur-grandest.fr/sitemap-index.xml,too_many_new_urls>100,77516,2026-07-20
couvreur-hautsdefrance.fr,http://couvreur-hautsdefrance.fr,https://couvreur-hautsdefrance.fr/sitemap-index.xml,too_many_new_urls>100,77516,2026-07-20
couvreur-immeuble.fr,http://couvreur-immeuble.fr,https://couvreur-immeuble.fr/sitemap-index.xml,too_many_new_urls>100,77516,2026-07-20
couvreur-installation-toiture.fr,http://couvreur-installation-toiture.fr,https://couvreur-installation-toiture.fr/sitemap-index.xml,too_many_new_urls>100,77516,2026-07-20
couvreur-isolation-combles.fr,http://couvreur-isolation-combles.fr,https://couvreur-isolation-combles.fr/sitemap-index.xml,too_many_new_urls>100,77516,2026-07-20
couvreur-isolation-toiture.fr,http://couvreur-isolation-toiture.fr,https://couvreur-isolation-toiture.fr/sitemap-index.xml,too_many_new_urls>100,77516,2026-07-20
couvreur-isolation.fr,http://couvreur-isolation.fr,https://couvreur-isolation.fr/sitemap-index.xml,too_many_new_urls>100,77516,2026-07-20
couvreur-laval.fr,http://couvreur-laval.fr,https://couvreur-laval.fr/sitemap-index.xml,too_many_new_urls>100,77516,2026-07-20
couvreur-maintenance-toiture.fr,http://couvreur-maintenance-toiture.fr,https://couvreur-maintenance-toiture.fr/sitemap-index.xml,too_many_new_urls>100,77516,2026-07-20
couvreur-maison-individuelle.fr,http://couvreur-maison-individuelle.fr,https://couvreur-maison-individuelle.fr/sitemap-index.xml,too_many_new_urls>100,77516,2026-07-20
couvreur-maison.fr,http://couvreur-maison.fr,https://couvreur-maison.fr/sitemap-index.xml,too_many_new_urls>100,77516,2026-07-20
couvreur-menton.fr,http://couvreur-menton.fr,https://couvreur-menton.fr/sitemap-index.xml,too_many_new_urls>100,77516,2026-07-20
couvreur-nettoyage-toit.fr,http://couvreur-nettoyage-toit.fr,https://couvreur-nettoyage-toit.fr/sitemap-index.xml,too_many_new_urls>100,77516,2026-07-20
couvreur-nouvelle-aquitaine.fr,http://couvreur-nouvelle-aquitaine.fr,https://couvreur-nouvelle-aquitaine.fr/sitemap-index.xml,too_many_new_urls>100,77516,2026-07-20
couvreur-nouvelleaquitaine.fr,http://couvreur-nouvelleaquitaine.fr,https://couvreur-nouvelleaquitaine.fr/sitemap-index.xml,too_many_new_urls>100,77516,2026-07-20
couvreur-ouest.fr,http://couvreur-ouest.fr,https://couvreur-ouest.fr/sitemap-index.xml,too_many_new_urls>100,77516,2026-07-20
couvreur-pamiers.fr,http://couvreur-pamiers.fr,https://couvreur-pamiers.fr/sitemap-index.xml,too_many_new_urls>100,77516,2026-07-20
couvreur-pose-bacacier.fr,http://couvreur-pose-bacacier.fr,https://couvreur-pose-bacacier.fr/sitemap-index.xml,too_many_new_urls>100,77516,2026-07-20
couvreur-pose-toiture.fr,http://couvreur-pose-toiture.fr,https://couvreur-pose-toiture.fr/sitemap-index.xml,too_many_new_urls>100,77516,2026-07-20
couvreur-pose-tuiles.fr,http://couvreur-pose-tuiles.fr,https://couvreur-pose-tuiles.fr/sitemap-index.xml,too_many_new_urls>100,77516,2026-07-20
couvreur-pose-zinc.fr,http://couvreur-pose-zinc.fr,https://couvreur-pose-zinc.fr/sitemap-index.xml,too_many_new_urls>100,77516,2026-07-20
couvreur-professionnel-toiture.fr,http://couvreur-professionnel-toiture.fr,https://couvreur-professionnel-toiture.fr/sitemap-index.xml,too_many_new_urls>100,77516,2026-07-20
couvreur-professionnel.fr,http://couvreur-professionnel.fr,https://couvreur-professionnel.fr/sitemap-index.xml,too_many_new_urls>100,77516,2026-07-20
couvreur-provence-alpes-cote-azur.fr,http://couvreur-provence-alpes-cote-azur.fr,https://couvreur-provence-alpes-cote-azur.fr/sitemap-index.xml,too_many_new_urls>100,77516,2026-07-20
couvreur-qualifie.fr,http://couvreur-qualifie.fr,https://couvreur-qualifie.fr/sitemap-index.xml,too_many_new_urls>100,77516,2026-07-20
couvreur-rapide.fr,http://couvreur-rapide.fr,https://couvreur-rapide.fr/sitemap-index.xml,too_many_new_urls>100,77516,2026-07-20
couvreur-remplacement-toiture.fr,http://couvreur-remplacement-toiture.fr,https://couvreur-remplacement-toiture.fr/sitemap-index.xml,too_many_new_urls>100,77516,2026-07-20
couvreur-renovation-classique.fr,http://couvreur-renovation-classique.fr,https://couvreur-renovation-classique.fr/sitemap-index.xml,too_many_new_urls>100,77516,2026-07-20
couvreur-renovation-complete.fr,http://couvreur-renovation-complete.fr,https://couvreur-renovation-complete.fr/sitemap-index.xml,too_many_new_urls>100,77516,2026-07-20
couvreur-renovation-france.fr,http://couvreur-renovation-france.fr,https://couvreur-renovation-france.fr/sitemap-index.xml,too_many_new_urls>100,77516,2026-07-20
couvreur-renovation-maison.fr,http://couvreur-renovation-maison.fr,https://couvreur-renovation-maison.fr/sitemap-index.xml,too_many_new_urls>100,77516,2026-07-20
couvreur-reparation-fuite.fr,http://couvreur-reparation-fuite.fr,https://couvreur-reparation-fuite.fr/sitemap-index.xml,too_many_new_urls>100,77516,2026-07-20
couvreur-reparation-toit.fr,http://couvreur-reparation-toit.fr,https://couvreur-reparation-toit.fr/sitemap-index.xml,too_many_new_urls>100,77516,2026-07-20
couvreur-saintbrieuc.fr,http://couvreur-saintbrieuc.fr,https://couvreur-saintbrieuc.fr/sitemap-index.xml,too_many_new_urls>100,77516,2026-07-20
couvreur-saintdenis.fr,http://couvreur-saintdenis.fr,https://couvreur-saintdenis.fr/sitemap-index.xml,too_many_new_urls>100,77516,2026-07-20
couvreur-saintetienne.fr,http://couvreur-saintetienne.fr,https://couvreur-saintetienne.fr/sitemap-index.xml,too_many_new_urls>100,77516,2026-07-20
couvreur-saintmalo.fr,http://couvreur-saintmalo.fr,https://couvreur-saintmalo.fr/sitemap-index.xml,too_many_new_urls>100,77516,2026-07-20
couvreur-saintnazaire.fr,http://couvreur-saintnazaire.fr,https://couvreur-saintnazaire.fr/sitemap-index.xml,too_many_new_urls>100,77516,2026-07-20
couvreur-sens.fr,http://couvreur-sens.fr,https://couvreur-sens.fr/sitemap-index.xml,too_many_new_urls>100,77516,2026-07-20
couvreur-service-france.fr,http://couvreur-service-france.fr,https://couvreur-service-france.fr/sitemap-index.xml,too_many_new_urls>100,77516,2026-07-20
couvreur-solide.fr,http://couvreur-solide.fr,https://couvreur-solide.fr/sitemap-index.xml,too_many_new_urls>100,77516,2026-07-20
couvreur-specialiste-toiture.fr,http://couvreur-specialiste-toiture.fr,https://couvreur-specialiste-toiture.fr/sitemap-index.xml,too_many_new_urls>100,77516,2026-07-20
couvreur-sud-est.fr,http://couvreur-sud-est.fr,https://couvreur-sud-est.fr/sitemap-index.xml,too_many_new_urls>100,77516,2026-07-20
couvreur-toiture-ardoise.fr,http://couvreur-toiture-ardoise.fr,https://couvreur-toiture-ardoise.fr/sitemap-index.xml,too_many_new_urls>100,77516,2026-07-20
couvreur-toiture-artisan.fr,http://couvreur-toiture-artisan.fr,https://couvreur-toiture-artisan.fr/sitemap-index.xml,too_many_new_urls>100,77516,2026-07-20
couvreur-toiture-bacacier.fr,http://couvreur-toiture-bacacier.fr,https://couvreur-toiture-bacacier.fr/sitemap-index.xml,too_many_new_urls>100,77516,2026-07-20
couvreur-toiture-durable.fr,http://couvreur-toiture-durable.fr,https://couvreur-toiture-durable.fr/sitemap-index.xml,too_many_new_urls>100,77516,2026-07-20
couvreur-toiture-etancheite.fr,http://couvreur-toiture-etancheite.fr,https://couvreur-toiture-etancheite.fr/sitemap-index.xml,too_many_new_urls>100,77516,2026-07-20
couvreur-toiture-expert.fr,http://couvreur-toiture-expert.fr,https://couvreur-toiture-expert.fr/sitemap-index.xml,too_many_new_urls>100,77516,2026-07-20
couvreur-toiture-fiable.fr,http://couvreur-toiture-fiable.fr,https://couvreur-toiture-fiable.fr/sitemap-index.xml,too_many_new_urls>100,77516,2026-07-20
couvreur-toiture-france.fr,http://couvreur-toiture-france.fr,https://couvreur-toiture-france.fr/sitemap-index.xml,too_many_new_urls>100,77516,2026-07-20
couvreur-toiture-maison.fr,http://couvreur-toiture-maison.fr,https://couvreur-toiture-maison.fr/sitemap-index.xml,too_many_new_urls>100,77516,2026-07-20
couvreur-toiture-plate.fr,http://couvreur-toiture-plate.fr,https://couvreur-toiture-plate.fr/sitemap-index.xml,too_many_new_urls>100,77516,2026-07-20
couvreur-toiture-professionnel.fr,http://couvreur-toiture-professionnel.fr,https://couvreur-toiture-professionnel.fr/sitemap-index.xml,too_many_new_urls>100,77516,2026-07-20
couvreur-toiture-service.fr,http://couvreur-toiture-service.fr,https://couvreur-toiture-service.fr/sitemap-index.xml,too_many_new_urls>100,77516,2026-07-20
couvreur-toiture-solide.fr,http://couvreur-toiture-solide.fr,https://couvreur-toiture-solide.fr/sitemap-index.xml,too_many_new_urls>100,77516,2026-07-20
couvreur-toiture-terrasse.fr,http://couvreur-toiture-terrasse.fr,https://couvreur-toiture-terrasse.fr/sitemap-index.xml,too_many_new_urls>100,77516,2026-07-20
couvreur-toiture-tuiles.fr,http://couvreur-toiture-tuiles.fr,https://couvreur-toiture-tuiles.fr/sitemap-index.xml,too_many_new_urls>100,77516,2026-07-20
couvreur-toiture-zinc.fr,http://couvreur-toiture-zinc.fr,https://couvreur-toiture-zinc.fr/sitemap-index.xml,too_many_new_urls>100,77516,2026-07-20
couvreur-travaux-batiment.fr,http://couvreur-travaux-batiment.fr,https://couvreur-travaux-batiment.fr/sitemap-index.xml,too_many_new_urls>100,77516,2026-07-20
couvreur-travaux-france.fr,http://couvreur-travaux-france.fr,https://couvreur-travaux-france.fr/sitemap-index.xml,too_many_new_urls>100,77516,2026-07-20
couvreur-travaux-maison.fr,http://couvreur-travaux-maison.fr,https://couvreur-travaux-maison.fr/sitemap-index.xml,too_many_new_urls>100,77516,2026-07-20
couvreur-travaux-renovation.fr,http://couvreur-travaux-renovation.fr,https://couvreur-travaux-renovation.fr/sitemap-index.xml,too_many_new_urls>100,77516,2026-07-20
couvreur-travaux-toiture.fr,http://couvreur-travaux-toiture.fr,https://couvreur-travaux-toiture.fr/sitemap-index.xml,too_many_new_urls>100,77516,2026-07-20
couvreur-travaux.fr,http://couvreur-travaux.fr,https://couvreur-travaux.fr/sitemap-index.xml,too_many_new_urls>100,77516,2026-07-20
couvreur-tuiles-ardoises.fr,http://couvreur-tuiles-ardoises.fr,https://couvreur-tuiles-ardoises.fr/sitemap-index.xml,too_many_new_urls>100,77516,2026-07-20
couvreur-tuiles.fr,http://couvreur-tuiles.fr,https://couvreur-tuiles.fr/sitemap-index.xml,too_many_new_urls>100,77516,2026-07-20
couvreur-zinc-toiture.fr,http://couvreur-zinc-toiture.fr,https://couvreur-zinc-toiture.fr/sitemap-index.xml,too_many_new_urls>100,77516,2026-07-20
couvreur-zinc.fr,http://couvreur-zinc.fr,https://couvreur-zinc.fr/sitemap-index.xml,too_many_new_urls>100,77516,2026-07-20
crdp-limousin.fr,https://www.crdp-limousin.fr,https://www.crdp-limousin.fr/sitemap_index.xml,definitive_sitemap_http_404_7d,0,2026-06-19
de-nobis.fr,https://de-nobis.fr,https://de-nobis.fr/sitemap.xml,too_many_new_urls>100,1003,2026-06-24
deco-tendance.fr,https://www.deco-tendance.fr/,https://www.deco-tendance.fr/sitemap_index.xml,too_many_new_urls>100,1000,2026-08-03
detectimmobilier.com,https://www.detectimmobilier.com/,https://www.detectimmobilier.com/sitemap.xml,too_many_new_urls>100,385,2026-05-28
devisprest.com,https://www.devisprest.com/,https://www.devisprest.com/sitemap_index.xml,too_many_new_urls>100,240,2026-07-02
diatech-immobilier.fr,https://www.diatech-immobilier.fr,https://www.diatech-immobilier.fr/sitemaps.xml,definitive_sitemap_http_404_7d,0,2026-08-27
didiermathus.com,http://www.didiermathus.com/,https://www.didiermathus.com/sitemap_index.xml,too_many_new_urls>100,2447,2026-06-19
droiteconomique.org,https://www.droiteconomique.org/,https://www.droiteconomique.org/sitemap_index.xml,too_many_new_urls>100,1732,2026-07-23
ekonomista.org,https://www.ekonomista.org,https://www.ekonomista.org/sitemap-news.xml,definitive_sitemap_http_404_7d,0,2026-08-27
enalsa.fr,https://www.enalsa.fr/,https://www.enalsa.fr/sitemap_index.xml,definitive_sitemap_http_404_7d,0,2026-07-28
ericpagesimmobilier.fr,https://ericpagesimmobilier.fr/,https://ericpagesimmobilier.fr/sitemap_index.xml,too_many_new_urls>100,599,2026-08-18
espacecastillon.fr,https://www.espacecastillon.fr,https://www.espacecastillon.fr/sitemap_index.xml,too_many_new_urls>100,252,2026-08-15
etienne-services.fr,https://www.etienne-services.fr,https://www.etienne-services.fr/sitemap.xml,manual_high_volume_exclusion,,2026-05-22
europarl.fr,https://www.europarl.fr,https://www.europarl.fr/sitemap.xml,manual_high_volume_exclusion,,2026-05-22
f2mimmo.com,https://www.f2mimmo.com,https://www.f2mimmo.com/sitemaps.xml,definitive_sitemap_http_404_7d,0,2026-08-26
fiscalite-sci.com,https://fiscalite-sci.com,https://fiscalite-sci.com/sitemap_index.xml,definitive_sitemap_http_403_7d,0,2026-06-12
fiscannu.com,https://www.fiscannu.com,https://www.fiscannu.com/sitemap_index.xml,definitive_sitemap_http_404_7d,0,2026-08-06
fivestars-thailand.com,https://www.fivestars-thailand.com/fr,https://www.fivestars-thailand.com/xml/sitemap.xml,too_many_new_urls>100,5324,2026-05-28
flin.fr,https://www.flin.fr,https://www.flin.fr/sitemap_index.xml,definitive_sitemap_http_404_7d,0,2026-07-28
focusimmo.fr,https://www.focusimmo.fr,https://www.focusimmo.fr/sitemap_index.xml,too_many_new_urls>100,330,2026-08-25
gererseul.com,https://www.gererseul.com/,https://www.gererseul.com/sitemap_index.xml,too_many_new_urls>100,7567,2026-05-27
guide-robien.com,https://www.guide-robien.com/,https://www.guide-robien.com/sitemaps.xml,definitive_sitemap_http_404_7d,0,2026-08-31
guideloipinel.fr,http://guideloipinel.fr,https://guideloipinel.fr/sitemap_index.xml,too_many_new_urls>100,2279,2026-07-02
habitat-astuce.fr,https://www.habitat-astuce.fr/,https://www.habitat-astuce.fr/sitemaps.xml,definitive_sitemap_http_404_7d,0,2026-08-27
habitat-bricolage.fr,https://www.habitat-bricolage.fr/,https://www.habitat-bricolage.fr/sitemaps.xml,definitive_sitemap_http_404_7d,0,2026-08-26
habitat-confort.fr,https://www.habitat-confort.fr/,https://www.habitat-confort.fr/sitemaps.xml,definitive_sitemap_http_404_7d,0,2026-08-26
habitat-innovant.fr,https://www.habitat-innovant.fr/,https://www.habitat-innovant.fr/sitemaps.xml,definitive_sitemap_http_404_7d,0,2026-08-26
habitat-planete.fr,https://www.habitat-planete.fr/,https://www.habitat-planete.fr/sitemaps.xml,definitive_sitemap_http_404_7d,0,2026-08-26
habitat-protection.fr,https://www.habitat-protection.fr/,https://www.habitat-protection.fr/sitemaps.xml,definitive_sitemap_http_404_7d,0,2026-08-25
habitatastuce.fr,https://www.habitatastuce.fr/,https://www.habitatastuce.fr/sitemaps.xml,definitive_sitemap_http_404_7d,0,2026-08-26
habitatbricolage.fr,https://www.habitatbricolage.fr/,https://www.habitatbricolage.fr/sitemaps.xml,definitive_sitemap_http_404_7d,0,2026-07-09
habitatinnovant.fr,https://www.habitatinnovant.fr/,https://www.habitatinnovant.fr/sitemaps.xml,definitive_sitemap_http_404_7d,0,2026-08-26
habitatqualite.fr,https://www.habitatqualite.fr/,https://www.habitatqualite.fr/sitemaps.xml,definitive_sitemap_http_404_7d,0,2026-08-26
habitatsauvage.fr,https://www.habitatsauvage.fr/,https://www.habitatsauvage.fr/wp-sitemap.xml,definitive_sitemap_http_404_7d,0,2026-08-26
habitattradition.fr,https://www.habitattradition.fr/,https://www.habitattradition.fr/sitemaps.xml,definitive_sitemap_http_404_7d,0,2026-08-26
habitatvert.fr,https://www.habitatvert.fr/,https://www.habitatvert.fr/sitemaps.xml,definitive_sitemap_http_404_7d,0,2026-07-09
home-bubble.com,https://www.home-bubble.com/,https://www.home-bubble.com/sitemap_index.xml,too_many_new_urls>100,2179,2026-06-15
home-lifestyle.fr,https://www.home-lifestyle.fr/,https://www.home-lifestyle.fr/sitemaps.xml,definitive_sitemap_http_404_7d,0,2026-08-26
homelifestyle.fr,https://www.homelifestyle.fr/,https://www.homelifestyle.fr/sitemaps.xml,definitive_sitemap_http_404_7d,0,2026-08-26
i-mmolink.com,https://www.i-mmolink.com/,https://www.i-mmolink.com/sitemap_index.xml,too_many_new_urls>100,1014,2026-06-29
ihc-immo.fr,https://www.ihc-immo.fr,https://www.ihc-immo.fr/sitemaps.xml,definitive_sitemap_http_404_7d,0,2026-08-26
immo-actuel.fr,https://www.immo-actuel.fr/,https://www.immo-actuel.fr/sitemaps.xml,definitive_sitemap_http_404_7d,0,2026-08-26
immo-complet.fr,https://www.immo-complet.fr/,https://www.immo-complet.fr/sitemaps.xml,definitive_sitemap_http_404_7d,0,2026-08-27
immo-guru.fr,https://www.immo-guru.fr/,https://www.immo-guru.fr/sitemaps.xml,definitive_sitemap_http_404_7d,0,2026-08-27
immo-hack.fr,https://www.immo-hack.fr/,https://www.immo-hack.fr/sitemaps.xml,definitive_sitemap_http_404_7d,0,2026-08-25
immo-happy.fr,https://www.immo-happy.fr/,https://www.immo-happy.fr/sitemaps.xml,definitive_sitemap_http_404_7d,0,2026-08-27
immo-impact.fr,https://www.immo-impact.fr/,https://www.immo-impact.fr/sitemaps.xml,definitive_sitemap_http_404_7d,0,2026-08-26
immo-insolite.fr,https://www.immo-insolite.fr/,https://www.immo-insolite.fr/sitemaps.xml,definitive_sitemap_http_404_7d,0,2026-08-26
immo-invest.fr,https://www.immo-invest.fr,https://www.immo-invest.fr/sitemaps.xml,definitive_sitemap_http_404_7d,0,2026-08-27
immo-ninja.fr,https://www.immo-ninja.fr/,https://www.immo-ninja.fr/sitemaps.xml,definitive_sitemap_http_404_7d,0,2026-08-26
immo-pleinete.com,https://www.immo-pleinete.com,https://www.immo-pleinete.com/sitemaps.xml,definitive_sitemap_http_404_7d,0,2026-08-26
immo-storm.fr,https://www.immo-storm.fr/,https://www.immo-storm.fr/wp-sitemap.xml,definitive_sitemap_http_404_7d,0,2026-08-27
immo-tendance.fr,https://www.immo-tendance.fr/,https://www.immo-tendance.fr/wp-sitemap.xml,definitive_sitemap_http_404_7d,0,2026-08-26
immo-tribe.fr,https://www.immo-tribe.fr/,https://www.immo-tribe.fr/sitemaps.xml,definitive_sitemap_http_404_7d,0,2026-08-26
immoachats.fr,https://www.immoachats.fr/,https://www.immoachats.fr/sitemaps.xml,definitive_sitemap_http_404_7d,0,2026-08-26
immob.biz,https://www.immob.biz,https://www.immob.biz/sitemap_index.xml,too_many_new_urls>100,1436,2026-08-31
immobilier-connect.com,https://immobilier-connect.com,https://immobilier-connect.com/sitemap.xml,too_many_new_urls>100,204,2026-06-08
immobilier-coteaux.com,https://immobilier-coteaux.com,https://immobilier-coteaux.com/sitemaps.xml,definitive_sitemap_http_404_7d,0,2026-06-12
immobilier-diagnostiqueur.fr,https://www.immobilier-diagnostiqueur.fr,https://www.immobilier-diagnostiqueur.fr/sitemap_index.xml,too_many_new_urls>100,104,2026-07-03
immobilier-facile.com,http://www.immobilier-facile.com/,https://www.immobilier-facile.com/sitemap_index.xml,manual_high_volume_exclusion,,2026-05-22
immobilier-gazelles.com,https://www.immobilier-gazelles.com,https://www.immobilier-gazelles.com/sitemaps.xml,definitive_sitemap_http_404_7d,0,2026-08-26
immobilier-la-rochelle.com,https://www.immobilier-la-rochelle.com/,https://www.immobilier-la-rochelle.com/sitemap_index.xml,too_many_new_urls>100,999,2026-08-03
immobilier-mohammedia.com,https://www.immobilier-mohammedia.com/,https://www.immobilier-mohammedia.com/sitemaps.xml,definitive_sitemap_http_404_7d,0,2026-08-26
immobilier-recherche.fr,https://www.immobilier-recherche.fr/,https://www.immobilier-recherche.fr/sitemaps.xml,definitive_sitemap_http_404_7d,0,2026-08-26
immobilier44.net,https://www.immobilier44.net/,https://www.immobilier44.net/sitemap_index.xml,definitive_sitemap_http_403_7d,0,2026-06-12
immobiliere-du-pont.fr,https://www.immobiliere-du-pont.fr,https://www.immobiliere-du-pont.fr/sitemaps.xml,definitive_sitemap_http_404_7d,0,2026-08-26
immocomplet.fr,https://www.immocomplet.fr/,https://www.immocomplet.fr/sitemaps.xml,definitive_sitemap_http_404_7d,0,2026-08-27
immocomprendre.fr,https://www.immocomprendre.fr/,https://www.immocomprendre.fr/sitemaps.xml,definitive_sitemap_http_404_7d,0,2026-08-26
immoconseilexpert.fr,https://www.immoconseilexpert.fr/,https://www.immoconseilexpert.fr/sitemaps.xml,definitive_sitemap_http_404_7d,0,2026-08-26
immoconseilpro.fr,https://www.immoconseilpro.fr/,https://www.immoconseilpro.fr/sitemaps.xml,definitive_sitemap_http_404_7d,0,2026-08-26
immocreation.ch,https://www.immocreation.ch/,https://www.immocreation.ch/sitemaps.xml,definitive_sitemap_http_404_7d,0,2026-08-26
immoexpertconseil.fr,https://www.immoexpertconseil.fr/,https://www.immoexpertconseil.fr/sitemaps.xml,definitive_sitemap_http_404_7d,0,2026-08-27
immofinex.fr,https://immofinex.fr/,https://immofinex.fr/sitemap-index.xml,too_many_new_urls>100,215,2026-07-11
immoflash.net,https://www.immoflash.net,https://www.immoflash.net/sitemaps.xml,definitive_sitemap_http_404_7d,0,2026-08-26
immogestionpro.fr,https://www.immogestionpro.fr/,https://www.immogestionpro.fr/sitemaps.xml,definitive_sitemap_http_404_7d,0,2026-08-26
immoinvestisseur.fr,https://www.immoinvestisseur.fr/,https://www.immoinvestisseur.fr/sitemaps.xml,definitive_sitemap_http_404_7d,0,2026-08-25
immopratique.fr,https://www.immopratique.fr/,https://www.immopratique.fr/sitemaps.xml,definitive_sitemap_http_404_7d,0,2026-08-26
immovaleur.fr,https://www.immovaleur.fr/,https://www.immovaleur.fr/sitemaps.xml,definitive_sitemap_http_404_7d,0,2026-08-25
immoventeachat.fr,https://www.immoventeachat.fr/,https://www.immoventeachat.fr/sitemaps.xml,definitive_sitemap_http_404_7d,0,2026-08-25
info-immobiliere.fr,https://www.info-immobiliere.fr,https://www.info-immobiliere.fr/sitemaps.xml,definitive_sitemap_http_404_7d,0,2026-08-26
infodimanche.com,https://www.infodimanche.com/,https://www.infodimanche.com/sitemap_index.xml,manual_high_volume_exclusion,,2026-05-22
information-immobiliere.fr,https://www.information-immobiliere.fr,https://www.information-immobiliere.fr/wp-sitemap.xml,definitive_sitemap_http_404_7d,0,2026-08-26
infos-habitation.fr,https://www.infos-habitation.fr/,https://www.infos-habitation.fr/sitemap-news.xml,too_many_new_urls>100,999,2026-08-03
infuso.info,https://www.infuso.info/,https://www.infuso.info/sitemaps.xml,definitive_sitemap_http_404_7d,0,2026-08-26
investisseurs-heureux.fr,https://www.investisseurs-heureux.fr/,https://www.investisseurs-heureux.fr/sitemap.xml,manual_high_volume_exclusion,,2026-05-22
isolationpro-annecy74.com,https://isolationpro-annecy74.com/,https://isolationpro-annecy74.com/sitemap_index.xml,definitive_sitemap_http_403_7d,0,2026-06-12
journaldeleconomie.fr,https://www.journaldeleconomie.fr,https://www.journaldeleconomie.fr/wp-sitemap.xml,manual_high_volume_exclusion,,2026-05-22
kalimmo.fr,https://www.kalimmo.fr,https://www.kalimmo.fr/sitemaps.xml,definitive_sitemap_http_404_7d,0,2026-08-27
koliving.fr,https://www.koliving.fr/,https://www.koliving.fr/sitemap_index.xml,definitive_sitemap_http_404_7d,0,2026-06-20
l-echo.info,https://www.l-echo.info,https://l-echo.info/sitemap_index.xml,definitive_sitemap_http_403_7d,0,2026-06-26
labecedairedupatrimoine.fr,https://www.labecedairedupatrimoine.fr,https://www.labecedairedupatrimoine.fr/sitemap_index.xml,definitive_sitemap_http_404_7d,0,2026-08-03
lacquolina.fr,https://lacquolina.fr,https://lacquolina.fr/sitemap_index.xml,too_many_new_urls>100,283,2026-05-29
ladresse-immobilier.fr,https://www.ladresse-immobilier.fr,https://www.ladresse-immobilier.fr/wp-sitemap.xml,definitive_sitemap_http_404_7d,0,2026-08-26
lamaisondeschefs.fr,https://www.lamaisondeschefs.fr/,https://www.lamaisondeschefs.fr/sitemaps.xml,definitive_sitemap_http_404_7d,0,2026-08-26
lamaisondujardin.fr,https://www.lamaisondujardin.fr/,https://www.lamaisondujardin.fr/sitemaps.xml,definitive_sitemap_http_404_7d,0,2026-08-25
lavanguardiadelsur.com,http://lavanguardiadelsur.com,http://lavanguardiadelsur.com/sitemap_index.xml,definitive_sitemap_http_404_7d,0,2026-06-12
ldeo-interieurs.com,http://www.ldeo-interieurs.com/,https://www.ldeo-interieurs.com/sitemap_index.xml,too_many_new_urls>100,2438,2026-06-25
le-codepostal.com,https://www.le-codepostal.com/,https://www.le-codepostal.com/sitemap_index.xml,definitive_sitemap_http_403_7d,0,2026-06-12
le-verdier-immobilier.fr,https://le-verdier-immobilier.fr,https://le-verdier-immobilier.fr/sitemaps.xml,definitive_sitemap_http_404_7d,0,2026-08-26
leadrevolution.org,http://leadrevolution.org,http://leadrevolution.org/sitemap_index.xml,definitive_sitemap_http_404_7d,0,2026-06-12
lebondiag.immo,https://www.lebondiag.immo/,https://www.lebondiag.immo/lbd-sitemap.xml,manual_high_volume_exclusion,,2026-05-22
lejsd.com,https://www.lejsd.com/,https://www.lejsd.com/wp-sitemap.xml,definitive_sitemap_http_404_7d,0,2026-06-15
lemandalamoris.com,https://lemandalamoris.com/,https://lemandalamoris.com/sitemaps.xml,too_many_new_urls>100,122,2026-07-05
lemarchand-immobilier.fr,https://www.lemarchand-immobilier.fr,https://www.lemarchand-immobilier.fr/sitemaps.xml,definitive_sitemap_http_404_7d,0,2026-08-26
lepacte-immobilier.fr,https://www.lepacte-immobilier.fr,https://www.lepacte-immobilier.fr/sitemaps.xml,definitive_sitemap_http_404_7d,0,2026-08-26
lepavenumerique.fr,https://www.lepavenumerique.fr,https://www.lepavenumerique.fr/sitemap_index.xml,too_many_new_urls>100,2173,2026-07-01
lesjardinsdambroisie.com,http://lesjardinsdambroisie.com,https://lesjardinsdambroisie.com/sitemap_index.xml,definitive_sitemap_http_404_7d,0,2026-06-12
letee.fr,https://letee.fr,https://letee.fr/sitemap_index.xml,definitive_sitemap_http_404_7d,0,2026-08-22
lgpimmo.fr,https://lgpimmo.fr/,https://lgpimmo.fr/sitemap_index.xml,too_many_new_urls>100,115,2026-07-03
lions-immobilier.com,https://www.lions-immobilier.com,https://www.lions-immobilier.com/sitemaps.xml,definitive_sitemap_http_404_7d,0,2026-08-26
locationmontpellier.com,https://locationmontpellier.com,https://locationmontpellier.com/sitemaps.xml,manual_high_volume_exclusion,,2026-05-22
locations06.com,https://www.locations06.com,https://www.locations06.com/sitemap_index.xml,definitive_sitemap_http_404_7d,0,2026-08-10
louer-appartement.site,https://louer-appartement.site/,https://louer-appartement.site/sitemap_index.xml,too_many_new_urls>100,248,2026-07-17
lowcostimmobilier28.fr,https://www.lowcostimmobilier28.fr,https://www.lowcostimmobilier28.fr/sitemaps.xml,definitive_sitemap_http_404_7d,0,2026-08-26
ma-propriete.fr,https://www.ma-propriete.fr/,https://www.ma-propriete.fr/fr/sitemap.xml,too_many_new_urls>100,240,2026-06-18
magazine-slr.fr,https://www.magazine-slr.fr,https://www.magazine-slr.fr/sitemaps.xml,definitive_sitemap_http_404_7d,0,2026-08-29
maison-creatif.fr,https://www.maison-creatif.fr/,https://www.maison-creatif.fr/sitemaps.xml,definitive_sitemap_http_404_7d,0,2026-08-26
maisonartisanale.fr,https://www.maisonartisanale.fr/,https://www.maisonartisanale.fr/sitemaps.xml,definitive_sitemap_http_404_7d,0,2026-08-26
maisoncommunicante.com,https://www.maisoncommunicante.com,https://www.maisoncommunicante.com/sitemaps.xml,definitive_sitemap_http_404_7d,0,2026-08-07
maisoncreatif.fr,https://www.maisoncreatif.fr/,https://www.maisoncreatif.fr/sitemaps.xml,definitive_sitemap_http_404_7d,0,2026-08-26
maisonetobjets.be,https://www.maisonetobjets.be/,https://www.maisonetobjets.be/sitemaps.xml,definitive_sitemap_http_404_7d,0,2026-08-31
maisonsnumberone.fr,https://www.maisonsnumberone.fr/,https://www.maisonsnumberone.fr/sitemap_index.xml,manual_high_volume_exclusion,,2026-05-22
mamaisonmonstyle.fr,https://www.mamaisonmonstyle.fr/,https://www.mamaisonmonstyle.fr/sitemaps.xml,definitive_sitemap_http_404_7d,0,2026-08-26
marketing-strategique.com,http://marketing-strategique.com,http://marketing-strategique.com/sitemap_index.xml,definitive_sitemap_http_404_7d,0,2026-06-12
mbpro-immo.com,https://www.mbpro-immo.com,https://www.mbpro-immo.com/sitemaps.xml,definitive_sitemap_http_404_7d,0,2026-08-26
meilleursagents.com,https://edito.meilleursagents.com/,https://edito.meilleursagents.com/sitemap.xml,manual_high_volume_exclusion,,2026-05-22
melta-bg.com,https://www.melta-bg.com,https://www.melta-bg.com/sitemap_index.xml,too_many_new_urls>100,222,2026-08-26
mes-bons-plans.fr,https://www.mes-bons-plans.fr,https://mes-bons-plans.fr/sitemap.xml,too_many_new_urls>100,621,2026-06-24
mon-agence-immobiliere.be,https://www.mon-agence-immobiliere.be,https://www.mon-agence-immobiliere.be/wp-sitemap.xml,definitive_sitemap_http_404_7d,0,2026-08-26
mon-expertise-immo.fr,https://www.mon-expertise-immo.fr/,https://www.mon-expertise-immo.fr/sitemaps.xml,definitive_sitemap_http_404_7d,0,2026-08-26
monexpertiseimmo.fr,https://www.monexpertiseimmo.fr/,https://www.monexpertiseimmo.fr/sitemaps.xml,definitive_sitemap_http_404_7d,0,2026-08-27
mzonestudio.com,http://mzonestudio.com/,http://mzonestudio.com/sitemap_index.xml,definitive_sitemap_http_404_7d,0,2026-06-12
nostrodomus.fr,https://www.nostrodomus.fr,https://www.nostrodomus.fr/sitemap_index.xml,too_many_new_urls>100,2378,2026-07-03
ohm-immobilier.fr,https://www.ohm-immobilier.fr,https://www.ohm-immobilier.fr/sitemaps.xml,definitive_sitemap_http_404_7d,0,2026-08-27
omizi.com,https://omizi.com,https://omizi.com/sitemap-index.xml,manual_high_volume_exclusion,,2026-05-22
ottanta.fr,https://www.ottanta.fr,https://www.ottanta.fr/sitemap_index.xml,definitive_sitemap_http_404_7d,0,2026-08-22
ouest-france.fr,https://pause-maison.ouest-france.fr,https://pause-maison.ouest-france.fr/sitemap_index.xml,manual_high_volume_exclusion,,2026-05-22
ouest-immobilier.fr,https://www.ouest-immobilier.fr,https://www.ouest-immobilier.fr/sitemaps.xml,definitive_sitemap_http_404_7d,0,2026-08-27
pamgolding.mu,https://www.pamgolding.mu/,https://www.pamgolding.mu/sitemap.xml,too_many_new_urls>100,1214,2026-06-12
parlons-immobilier.fr,https://www.parlons-immobilier.fr/,https://parlons-immobilier.fr/sitemaps.xml,too_many_new_urls>100,161,2026-08-31
perlefinance.fr,https://perlefinance.fr/,https://perlefinance.fr/sitemaps.xml,definitive_sitemap_http_404_7d,0,2026-08-26
perpignan-immobilier.fr,https://www.perpignan-immobilier.fr,https://www.perpignan-immobilier.fr/sitemaps.xml,definitive_sitemap_http_404_7d,0,2026-08-28
pierresetmer.fr,https://www.pierresetmer.fr,https://www.pierresetmer.fr/sitemap.php,too_many_new_urls>100,138,2026-06-19
piscin3.fr,https://piscin3.fr,http://piscin3.fr/sitemap23.xml,too_many_new_urls>100,5000,2026-07-27
planete-ile-maurice.fr,https://planete-ile-maurice.fr/blog/,https://planete-ile-maurice.fr/sitemap-index-1.xml,manual_high_volume_exclusion,,2026-05-22
pluscestsimple.com,https://pluscestsimple.com,https://pluscestsimple.com/wp-sitemap.xml,too_many_new_urls>100,139,2026-06-06
ptit-annuaire.com,http://ptit-annuaire.com/,http://ptit-annuaire.com/sitemap_index.xml,definitive_sitemap_http_404_7d,0,2026-06-12
quintex-finance.com,https://quintex-finance.com/,https://quintex-finance.com/sitemaps.xml,definitive_sitemap_http_404_7d,0,2026-08-26
ravalement-pro.fr,https://ravalement-pro.fr/,https://www.ravalement-pro.fr/sitemap.xml,definitive_sitemap_http_404_7d,0,2026-08-31
recherche-logement.fr,https://www.recherche-logement.fr/,https://www.recherche-logement.fr/sitemaps.xml,definitive_sitemap_http_404_7d,0,2026-08-26
renov-immo.fr,https://www.renov-immo.fr,https://www.renov-immo.fr/sitemaps.xml,definitive_sitemap_http_404_7d,0,2026-08-28
renovation-facile.com,https://www.renovation-facile.com/,https://www.renovation-facile.com/sitemap_index.xml,too_many_new_urls>100,615,2026-07-02
reside-immobilier.fr,https://www.reside-immobilier.fr/,https://www.reside-immobilier.fr/sitemap_index.xml,definitive_sitemap_http_404_7d,0,2026-07-09
revue-fonciere.com,https://www.revue-fonciere.com/,https://www.revue-fonciere.com/sitemaps.xml,definitive_sitemap_http_404_7d,0,2026-08-31
robotfinance.fr,https://robotfinance.fr/,https://robotfinance.fr/sitemap-news.xml,too_many_new_urls>100,1876,2026-06-06
score-immo.fr,https://score-immo.fr/,https://score-immo.fr/sitemap-index.xml,too_many_new_urls>100,119,2026-06-02
sculpture-intense.com,https://www.sculpture-intense.com/,https://www.sculpture-intense.com/sitemap.xml,too_many_new_urls>100,282,2026-09-02
solofrance.fr,https://www.solofrance.fr,https://www.solofrance.fr/sitemap_index.xml,manual_high_volume_exclusion,,2026-05-22
souslouer.com,https://souslouer.com,https://www.souslouer.com/sitemap-4seo.xml,manual_high_volume_exclusion,,2026-05-22
sphere-immo.com,https://www.sphere-immo.com,https://www.sphere-immo.com/sitemap.xml,manual_high_volume_exclusion,,2026-05-22
spinellibois.fr,https://www.spinellibois.fr,https://www.spinellibois.fr/sitemap_index.xml,definitive_sitemap_http_404_7d,0,2026-06-12
square-annuaire.com,http://square-annuaire.com,http://square-annuaire.com/sitemap_index.xml,definitive_sitemap_http_404_7d,0,2026-06-12
sunrisesspasfrance.fr,https://sunrisesspasfrance.fr,https://sunrisesspasfrance.fr/sitemap_index.xml,too_many_new_urls>100,4999,2026-06-04
superblada.com,https://superblada.com,https://www.superblada.com/sitemap.xml,manual_high_volume_exclusion,,2026-05-22
syndicat-de-coproprietes.com,https://www.syndicat-de-coproprietes.com,https://www.syndicat-de-coproprietes.com/sitemap_index.xml,too_many_new_urls>100,682,2026-07-23
synthese-immobilier.com,https://www.synthese-immobilier.com/,https://www.synthese-immobilier.com/sitemap.xml,definitive_sitemap_http_404_7d,0,2026-07-05
syremi.fr,https://www.syremi.fr/,https://www.syremi.fr/sitemaps.xml,definitive_sitemap_http_404_7d,0,2026-08-26
tamaisontonjardin.fr,https://www.tamaisontonjardin.fr/,https://www.tamaisontonjardin.fr/wp-sitemap.xml,definitive_sitemap_http_404_7d,0,2026-08-26
tapis-de-bain.fr,https://tapis-de-bain.fr/,https://www.tapis-de-bain.fr/wp-sitemap.xml,too_many_new_urls>100,500,2026-07-23
tcm-rennes.org,https://www.tcm-rennes.org/,https://www.tcm-rennes.org/sitemaps.xml,too_many_new_urls>100,152,2026-06-04
the-bodyguard.fr,https://the-bodyguard.fr/,https://the-bodyguard.fr/sitemap_index.xml,definitive_sitemap_http_404_7d,0,2026-06-16
tousvosactes-avocat-ms.fr,https://www.tousvosactes-avocat-ms.fr,https://www.tousvosactes-avocat-ms.fr/sitemap_index.xml,too_many_new_urls>100,229,2026-07-02
tout-immobilier.fr,https://www.tout-immobilier.fr,https://www.tout-immobilier.fr/sitemaps.xml,definitive_sitemap_http_404_7d,0,2026-08-26
travaux-professionnels.fr,https://www.travaux-professionnels.fr,https://www.travaux-professionnels.fr/sitemaps.xml,definitive_sitemap_http_404_7d,0,2026-08-26
travauxpublics-independants.be,https://www.travauxpublics-independants.be,https://www.travauxpublics-independants.be/sitemaps.xml,definitive_sitemap_http_404_7d,0,2026-08-26
trouve-immobilier.fr,https://www.trouve-immobilier.fr,https://www.trouve-immobilier.fr/sitemap_index.xml,too_many_new_urls>100,1287,2026-07-01
ultimatefs.com,http://ultimatefs.com,http://ultimatefs.com/sitemap_index.xml,definitive_sitemap_http_404_7d,0,2026-06-12
valeurscorporate.fr,https://www.valeurscorporate.fr,https://www.valeurscorporate.fr/sitemaps.xml,too_many_new_urls>100,1901,2026-09-02
var-immobilier.fr,https://www.var-immobilier.fr,https://www.var-immobilier.fr/sitemaps.xml,definitive_sitemap_http_404_7d,0,2026-08-26
vendomeimmobilier.fr,https://www.vendomeimmobilier.fr,https://www.vendomeimmobilier.fr/sitemaps.xml,definitive_sitemap_http_404_7d,0,2026-08-15
vendresamaison.eu,https://www.vendresamaison.eu,https://www.vendresamaison.eu/sitemaps.xml,definitive_sitemap_http_404_7d,0,2026-08-26
vudailleurs.com,https://www.vudailleurs.com,https://www.vudailleurs.com/sitemap_index.xml,manual_high_volume_exclusion,,2026-05-22
weareonline.fr,https://www.weareonline.fr,https://www.weareonline.fr/sitemap_index.xml,too_many_new_urls>100,722,2026-07-03
wikio.fr,https://www.wikio.fr,https://www.wikio.fr/sitemap_index.xml,definitive_sitemap_http_403_7d,0,2026-06-14
wilsonimmobilier.com,https://wilsonimmobilier.com,https://wilsonimmobilier.com/sitemap_index.xml,definitive_sitemap_http_403_7d,0,2026-06-12
woeb.fr,https://woeb.fr,https://woeb.fr/sitemap_index.xml,definitive_sitemap_http_404_7d,0,2026-08-08
worldofstargate.fr,https://worldofstargate.fr/,https://worldofstargate.fr/sitemap_index.xml,definitive_sitemap_http_404_7d,0,2026-08-21
zambonimmobilier.fr,https://www.zambonimmobilier.fr/,https://www.zambonimmobilier.fr/sitemaps.xml,definitive_sitemap_http_404_7d,0,2026-08-27
